,link,title,company,Location,Salary,posted days
0,https://in.indeed.com/rc/clk?jk=b7cba5bcdf296b94&bb=tzT0kHAIeR8KNuXkMAepUZez-6D8S-k-yPs3CdAec28r1_TyxH17t_YEv13oSMhn&xkcb=SoCA67M3GjAyjNx9NR0KbzkdCdPP&fccid=4845ba5acd0ab86e&cmp=Blue-Data-Consulting&ti=Senior+Data+Scientist&vjs=3,Sr. Data Scientist,Blue Data Consulting,"Delhi, Delhi","₹40,000 - ₹60,000 a month",EmployerActive 4 days ago
1,https://in.indeed.com/rc/clk?jk=981967493f866386&bb=XPifv3NYGwSHn1tvDFmH8y8j7RQDtZwoRoZSJOq7x1nNIqThWVGa--TW2-cSjFCs&xkcb=SoAO67M3GjAyjMR9NR0KbzkdCdPP&fccid=95d2772e604ca1c2&vjs=3,Data Scientist,Naviga Inc.,"Hybrid remote in New Delhi, Delhi",NA,PostedPosted 29 days ago
2,https://in.indeed.com/rc/clk?jk=1f8f2b95910d1880&bb=XPifv3NYGwR_8IyQYZDVHWLe6WaQ88iAn845slnkz-JbV2aUlQ-uZ4K6Q-QOm8Pu&xkcb=SoAn67M3GjAyjMR9NR0IbzkdCdPP&fccid=08f43ca4d85ba4dd&vjs=3,Data Scientist,GetMyUni,"New Delhi, Delhi",NA,PostedPosted 19 days ago
3,https://in.indeed.com/rc/clk?jk=6980efb1c149cf4a&bb=ur5WlSzfJ8swgjmnKOUlRKhxFpJbCzW9NDiAvgg6pA3u2iCDFFMmoZDcRx4hnBU5&xkcb=SoBL67M3GjAyjMx9NR0KbzkdCdPP&fccid=db063444c62f4100&vjs=3,Data Scientist,SmartHelio,"New Delhi, Delhi",NA,PostedPosted 30+ days ago
4,https://in.indeed.com/rc/clk?jk=064610546c95bceb&bb=ur5WlSzfJ8tCmr1Y57RsHXCJLlAAA96QPIub_mQT1EJWO6Gm-yJIfQ2IsRS8Do8u&xkcb=SoBi67M3GjAyjMx9NR0IbzkdCdPP&fccid=8e2b86c603174153&cmp=Shyam-Engg&ti=Data+Science+Intern&vjs=3,Data Science Intern,Shyam Engg,"Delhi, Delhi","₹13,000 - ₹17,000 a month",EmployerActive 17 days ago
5,https://in.indeed.com/rc/clk?jk=88ae2cec59d501a4&bb=ur5WlSzfJ8sIsbdnmYti7hoixvt8BvGzl_O6HeQtdfPr7Kh-f7KbolQXTW4uT0Qu&xkcb=SoBY67M3GjAyjMx9NR0ObzkdCdPP&fccid=2190682bb1bb1726&vjs=3,Data Scientist,Insider Biz,"New Delhi, Delhi",NA,PostedPosted 30+ days ago
6,https://in.indeed.com/rc/clk?jk=3e4c587b3bd77295&bb=ur5WlSzfJ8tKU-g2CRPIOVGc5EwYyQ8TbYtcUSmoHQ83liQ99ZYKryv8uj6Ve4Mz&xkcb=SoBx67M3GjAyjMx9NR0MbzkdCdPP&fccid=597f39849ae7a6fc&vjs=3,Data Scientists,Dignitas Digital,"New Delhi, Delhi",NA,PostedPosted 11 days ago
7,https://in.indeed.com/rc/clk?jk=1eeb4720a55e3047&bb=3d25F-j-EleW3xCIBtYtPWaowWn_uw-b0SI9ftH_c3S3DkIqC_MRN2AflPl5ORhb&xkcb=SoAS67M3GjAyjPR9NR0KbzkdCdPP&fccid=4845ba5acd0ab86e&cmp=Blue-Data-Consulting&ti=Data+Scientist&vjs=3,Data Science Trainer,Blue Data Consulting,"Delhi, Delhi","₹45,000 - ₹70,000 a month",PostedPosted 4 days ago
8,https://in.indeed.com/rc/clk?jk=02c6ab06912e1669&bb=3d25F-j-EleEZYlgMG868Gwa61ELGpu2-9gbxrDz_zWC9GMmxCByAddETQjf3cVO&xkcb=SoA767M3GjAyjPR9NR0IbzkdCdPP&fccid=f0070d2791850b15&cmp=CADDCENTRE-TRAINING-SERVICE-PVT-LTD&ti=Data+Scientist&vjs=3,Data Science and Business Analytics Faculty,CADDCENTRE TRAINING SERVICE PVT LTD,"Vikaspuri, Delhi, Delhi","₹20,000 - ₹25,000 a month",EmployerActive 4 days ago
9,https://in.indeed.com/rc/clk?jk=22d413277874cab7&bb=QM802cHiKO2E_2pPFYmh6XILNi_XQJdpEyPtDiEf-am7IKNv2opbOKVrwovKrJze&xkcb=SoBX67M3GjAyjPx9NR0KbzkdCdPP&fccid=8d8b6936644ec093&vjs=3,MACHINE LEARNING RESEARCHER(COMPUTER VISION),KnowDis,"New Delhi, Delhi",NA,PostedPosted 30+ days ago
10,https://in.indeed.com/rc/clk?jk=f20f34ffdb5759de&bb=QM802cHiKO2YGwSyJ5vQvvcBYAwJMW9ynZ0q7Hg5QYTS8IrlQx7LLBmhxLfXg7FO&xkcb=SoB-67M3GjAyjPx9NR0IbzkdCdPP&fccid=9102c38c15134e6c&vjs=3,Data Scientist,Maruti Suzuki India Ltd,"New Delhi, Delhi",NA,PostedPosted 30+ days ago
11,https://in.indeed.com/rc/clk?jk=a8004d4d60d6a554&bb=QM802cHiKO12aI51G9udiA8966oM_CDhzSbAgzCnRM9NVKNOXsJWsPrkobqSvdA2&xkcb=SoDZ67M3GjAyjPx9NR0NbzkdCdPP&fccid=532b61341f3cf91b&vjs=3,Data Scientist,Eoraa & Co.,"New Delhi, Delhi",NA,PostedPosted 30+ days ago
12,https://in.indeed.com/rc/clk?jk=4c3cc98273fcaf1b&bb=QM802cHiKO21db5O0zxC67FYaYRla_6_wFjfqk2x5D0s7TxDid8M4JTFj5YS2neV&xkcb=SoCE67M3GjAyjPx9NR0DbzkdCdPP&fccid=3ab5c2cce389f556&cmp=Reyedin-Techstack-Private-limited&ti=Data+Scientist&vjs=3,Data Science Trainer/ Faculty,Reyedin Techstack Private limited,"New Delhi, Delhi","₹30,000 - ₹40,000 a month",EmployerActive 13 days ago
13,https://in.indeed.com/rc/clk?jk=743ae63973f059ef&bb=mnUjdAVTG1KvrNUCbyWyRfHL7w5J3GGshYVjUMW_YlNNkxSqqfLIUJtn1skZYVjr&xkcb=SoDZ67M3GjAyjOR9NR0KbzkdCdPP&fccid=c1bec49d1ea92b43&vjs=3,Data Scientist - Credit Risk,PayU,Hybrid remote in Delhi,NA,PostedPosted 30+ days ago
14,https://in.indeed.com/rc/clk?jk=58d0515fa0a8a1ff&bb=mnUjdAVTG1KZ0Fsp_EjgrYZyq9C30m7AfQtPjAh0iQ_AqHKzTgh7G9L5IQh9L0vi&xkcb=SoB-67M3GjAyjOR9NR0PbzkdCdPP&fccid=17f3938f272e11a4&cmp=Coding-Blocks&ti=Instructor&vjs=3,AI/ML Instructor,Coding Blocks,"New Delhi, Delhi","₹35,480.73 - ₹61,887.17 a month",PostedToday
15,https://in.indeed.com/rc/clk?jk=3e80da8f367800e7&bb=-wCAc44IqiI_ynxC4VjnPSj4roI0EqfhMJS3l5qQivdG5YtVTJcO8DqSP1zjfRNd&xkcb=SoA_67M3GjBOxvwsdB0LbzkdCdPP&fccid=7430123989f080fa&vjs=3,AL/ML Engineer - AICERTS,NetCom Learning,"New Delhi, Delhi",NA,PostedPosted 24 days ago
16,https://in.indeed.com/rc/clk?jk=be8ce2cbd2c927d6&bb=0hrkl1-qsQY7PMD1dol2QXS-R8j4z36ZDJNQZ4wJEE9yiApY-6K7sXVogGGLTL90&xkcb=SoAF67M3GjBOxuQsdB0KbzkdCdPP&fccid=f9da949e50846d75&vjs=3,Data Scientist,Precognitas Health,Delhi,NA,PostedPosted 30+ days ago
17,https://in.indeed.com/rc/clk?jk=d015785674bceabd&bb=0hrkl1-qsQYhtHQJafET4-xTDN6LeiQqXxVohsu2HD6avwvTpyOeIB_j4Mn97Ga6&xkcb=SoAs67M3GjBOxuQsdB0IbzkdCdPP&fccid=99f1911f35fdb11e&cmp=Encora&ti=Machine+Learning+Engineer&vjs=3,Machine Learning Engineer,Encore Inc,"Delhi, Delhi","₹20,00,000 - ₹25,00,000 a year",EmployerActive 4 days ago
18,https://in.indeed.com/rc/clk?jk=1ad2c069c3ff7ab2&bb=Aq7BPRZU4f2LgWFFdLjfO5RfkjvgIUiu67O6PTtSFThD-s86vSpPSOUQ8l_krtoE&xkcb=SoDd67M3GjBOxuwsdB0JbzkdCdPP&fccid=cbda9e3eac3bb996&vjs=3,Architect Data Science,Yamaha Motor Solutions India Pvt.Ltd.,"Delhi, Delhi",NA,PostedPosted 30+ days ago
19,https://in.indeed.com/rc/clk?jk=fc35d8a4aec35325&bb=po_Zsf_NfHyY4WbbE7BA1i0o4EFt5Fsprecoa66mgFcdvrxYZuyeRSfzSZWuIucq&xkcb=SoCT67M3GjBOxuwsdB0DbzkdCdPP&fccid=b95f9eb47968fa13&vjs=3,ML Engineer,Boston Consulting Group,"New Delhi, Delhi",NA,PostedPosted 25 days ago
20,https://in.indeed.com/rc/clk?jk=c93694667fec32da&bb=po_Zsf_NfHx2rEmS-61i6AvYboxBCVXr_dIWav97i4570KLOMU6dyuSY5nIPVjy4&xkcb=SoBr67M3GjBOxpQsdB0JbzkdCdPP&fccid=a196ce485546a357&vjs=3,Data Scientist,ARMMAN,"New Delhi, Delhi",NA,PostedPosted 30+ days ago
21,https://in.indeed.com/rc/clk?jk=c11ac85e14d1b046&bb=po_Zsf_NfHx3-CtgWJaNuFklDzIu1y0OxZoPR-Uq8ZgL6bvE0nERtWdsdm1D_r1x&xkcb=SoBR67M3GjBOxpQsdB0PbzkdCdPP&fccid=8d8b6936644ec093&vjs=3,DATA SCIENTIST,KnowDis,"New Delhi, Delhi",NA,PostedPosted 30+ days ago
22,https://in.indeed.com/rc/clk?jk=9f3668c5ed60ced9&bb=po_Zsf_NfHyVL7Pl7kpPOFbCfF4rTDQRLr4wm-ctSA_ElW_OxOSu6tyJwQKrqI2X&xkcb=SoB467M3GjBOxpQsdB0NbzkdCdPP&fccid=e965b51f7c6b61b9&vjs=3,Senior Python Developer/ Data Scientist,Nikah Forever,"New Delhi, Delhi","₹12,00,000 - ₹20,00,000 a year",PostedPosted 30+ days ago
23,https://in.indeed.com/rc/clk?jk=28c572dc1eebd9b8&bb=PVJFw8JUV21skvyWKTN0FGwAFEysUAz7Xfepph-5mb3yrWQVjmVB1s_ihDXaMIhZ&xkcb=SoBu67M3GjBO-ywsdB0LbzkdCdPP&fccid=0963aa5c8f6d9b08&vjs=3,Machine Learning Engineer,Paxcom India,"Hybrid remote in Delhi, Delhi",NA,PostedPosted 5 days ago
24,https://in.indeed.com/rc/clk?jk=a4251c3fc063b6f8&bb=PVJFw8JUV21gKfSstLTFMMXx8Gja0lxmnvOvGy2dweVE31dE2KL68-JIl64mwotQ&xkcb=SoAg67M3GjBO-ywsdB0BbzkdCdPP&fccid=9e215d88a6b33622&vjs=3,Enabling Areas - Data Scientist - AM/DM,Deloitte,Delhi,NA,PostedPosted 30+ days ago
25,https://in.indeed.com/rc/clk?jk=8a6bcb2f046922b5&bb=kNxB4VwD8lcde9CU6soPiYx87i8WjjS69-Td-b5zNtcSYU-Ge05SH0MKkFJOtQHG&xkcb=SoCH67M3GjBO-9QsdB0GbzkdCdPP&fccid=90b862b34368b371&vjs=3,Machine Learning Intern,Mindkosh Technologies,Delhi,NA,PostedPosted 30+ days ago
26,https://in.indeed.com/rc/clk?jk=3a079c1fa6dd25ca&bb=kNxB4VwD8ldvzmxTlacN_lmmGNqcBu7j-SiB4ajdaphm_YzdEnzv47DEh4G8xNxC&xkcb=SoA967M3GjBO-9QsdB0abzkdCdPP&fccid=db063444c62f4100&vjs=3,Senior Data Scientist - Algorithm design & system modeling,SmartHelio,"New Delhi, Delhi",NA,PostedPosted 21 days ago
27,https://in.indeed.com/rc/clk?jk=947ac987e7255eb0&bb=CgpWbBf30VfTjJN-eCzg8f29qcb5aanstyvUJC70xOweSl8PAQsfJgyO_kqTGrI5&xkcb=SoC267M3GjBO-9wsdB0KbzkdCdPP&fccid=f723bce4e8d2ecc6&vjs=3,Machine Learning Engineer,Wadhwani AI,"Delhi, Delhi",NA,PostedPosted 30+ days ago
28,https://in.indeed.com/rc/clk?jk=7a23db0214656254&bb=CgpWbBf30VeJWOlDcaWbCbAWp9vu_BOqbnBxXN0d1WqYMi5Ht3EnpekugoRGSJDN&xkcb=SoCf67M3GjBO-9wsdB0IbzkdCdPP&fccid=8d8b6936644ec093&vjs=3,MACHINE LEARNING RESEARCHER (NLP),KnowDis,"New Delhi, Delhi",NA,PostedPosted 30+ days ago
29,https://in.indeed.com/rc/clk?jk=254483a2a7f91f64&bb=JOFILuIZOe7VmeYom_tBM3D3d-buFL1y3jYkR_fWVwkJI36-Sn1MZQAzKKJ3ecEJ&xkcb=SoCl67M3GjBO-9wsdB0ObzkdCdPP&fccid=e233b80a86da0ac4&vjs=3,Data Scientist,iGloble Solutions,"Kalkaji Devi, Delhi",NA,PostedPosted 30+ days ago
30,https://in.indeed.com/rc/clk?jk=a53979a6344e8460&bb=pbJY4qfYxJP2gl3RdYBqdunOxQwJdKn9Howeoa7YLo_9eco__3-Z3Ee8uaw8V51P&xkcb=SoAf67M3GjBMYKAxXz0LbzkdCdPP&fccid=cb196be5fd61661b&vjs=3,AI/ML Engineer,Apping Technology,Delhi,NA,PostedPosted 30+ days ago
31,https://in.indeed.com/rc/clk?jk=fb71eb87ed849a47&bb=pbJY4qfYxJOxv0ahjxb1l6tp9NqpMzxjvg8dEx2u7CPhsz7zBbIWisnLmECZz-a3&xkcb=SoCC67M3GjBMYKAxXz0IbzkdCdPP&fccid=95d2772e604ca1c2&vjs=3,Lead Data Scientist,Naviga Inc.,"New Delhi, Delhi",NA,PostedPosted 30+ days ago
32,https://in.indeed.com/rc/clk?jk=59a177de98e35d8e&bb=pbJY4qfYxJMYx4qpedkeXKyMjbBSIf6bDfbsAHz8PnM38P5ETWXmLy1a12U1DpZ9&xkcb=SoC467M3GjBMYKAxXz0ObzkdCdPP&fccid=4d1ce2b52f6f8920&vjs=3,Data Scientist,Marktine Technology Solutions,Delhi,"₹20,00,000 a year",PostedPosted 30+ days ago
33,https://in.indeed.com/rc/clk?jk=8f8db206c9b1ca1c&bb=flfcq4WrcmYy4l-eKismpKDvYJSQ54rP96l8I21dLXDbkhmEVcR-ffVKR7LzUQ3x&xkcb=SoDu67M3GjBMYKgxXz0KbzkdCdPP&fccid=28dd533740cf36da&vjs=3,Data Scientist,Fitfyles,"New Delhi, Delhi",NA,PostedPosted 30+ days ago
34,https://in.indeed.com/rc/clk?jk=9a5c5d4d8ba05338&bb=flfcq4WrcmYzlTBQWTqynkb5TL5HQ4IN0NJrQcMKm97XDL6TKz6WB9dsFaL4NN1o&xkcb=SoDH67M3GjBMYKgxXz0IbzkdCdPP&fccid=c29cde9509ea6817&vjs=3,AI/ML Data Scientist (Telecoms),MBR Partners,"New Delhi, Delhi",NA,PostedPosted 30+ days ago
35,https://in.indeed.com/rc/clk?jk=62dc52fa1a172e6d&bb=bwDHgqIjAOySM7wOgO6ht08puOr-TWYad-4baqKmz-6jERtoqB6G45H4VYgQhYPN&xkcb=SoD867M3GjBMZ1AxXz0LbzkdCdPP&fccid=a5cbd2514edf7804&vjs=3,Data Scientist II,Chegg,"Jasola, Delhi, Delhi",NA,PostedPosted 11 days ago
36,https://in.indeed.com/rc/clk?jk=ff2172cd2bdf059a&bb=bwDHgqIjAOzgjQXeF0HmKpDosndGXOkR9ulSqPkAA-KVB2k1HgPEq9cRGAE8xUUl&xkcb=SoDv67M3GjBMZ1AxXz0PbzkdCdPP&fccid=5c36da9694f987a9&vjs=3,Data Science,Innefu Labs Pvt. Ltd.,Delhi,NA,PostedPosted 30+ days ago
37,https://in.indeed.com/rc/clk?jk=797fd0887a0ae394&bb=bwDHgqIjAOxFPsYinKaU6rMixiOoVuy1BTc_ZhrL3FzqZIaukbu4nXmeFNAvuePq&xkcb=SoDG67M3GjBMZ1AxXz0NbzkdCdPP&fccid=5ef4d3df18d56a80&vjs=3,Data Analyst/ ML Engineer,itForte,"Remote in New Delhi, Delhi",NA,PostedPosted 24 days ago
38,https://in.indeed.com/rc/clk?jk=1e0694418bd5699e&bb=bwDHgqIjAOxdWLr1-Mqj4tW_GqkjPMJmx9AMCBAvA75ib1pcOgkCz9bAJA0T06m0&xkcb=SoAv67M3GjBMZ1AxXz0CbzkdCdPP&fccid=87b972f6d2e4a78c&vjs=3,AI & Machine Learning expert,F-Trend,"New Delhi, Delhi",NA,PostedPosted 30+ days ago
39,https://in.indeed.com/rc/clk?jk=d1dd8af8f748cc6c&bb=nUGv3AamJkWXGPC0tzmEiOZPtfwcQQvBlHQxKRBt6rvEKnmRaJf-0dUoJJcHi9NW&xkcb=SoAN67M3GjBMZ1gxXz0KbzkdCdPP&fccid=270ca7c782c07a0e&vjs=3,Data Scientist,Jobsdaddy,"New Delhi, Delhi",NA,PostedPosted 30+ days ago
40,https://in.indeed.com/rc/clk?jk=c8d8e6ae5d1c6d39&bb=nUGv3AamJkVi15DSMJJkZ_sfAfhRY3epPji3QpwWP_71wZO1_pBccnhCY_QZXGJp&xkcb=SoAk67M3GjBMZ1gxXz0IbzkdCdPP&fccid=5ef4d3df18d56a80&vjs=3,Data Analyst/Scientist,itForte,"New Delhi, Delhi",NA,PostedPosted 30+ days ago
41,https://in.indeed.com/rc/clk?jk=f9e63e5b38ee4034&bb=F0LGiXguxOwUlRhls7PVFJTwJMuuC2G6AfFGncDsUaTqioCYSFOe4SdrvH9cyYGz&xkcb=SoCD67M3GjBMZ0AxXz0KbzkdCdPP&fccid=9e215d88a6b33622&vjs=3,Consulting-SAMA A&C-Generative AI,Deloitte,Delhi,NA,PostedPosted 30+ days ago
42,https://in.indeed.com/rc/clk?jk=24ad7178d83e119e&bb=F0LGiXguxOwIOgYrkLGvdhKfuOymiivUlVMgyiSQCWX-Z-Ene-SW7GwF2xDzWeyD&xkcb=SoCq67M3GjBMZ0AxXz0IbzkdCdPP&fccid=533df66aff44fd54&cmp=MISD---Management-Institute-of-Skill-Development&ti=Data+Scientist&vjs=3,Data Science Trainer,MISD - Management Institute of Skill Development,"New Delhi, Delhi","₹15,000 - ₹25,000 a month",PostedPosted 3 days ago
43,https://in.indeed.com/rc/clk?jk=45b337e3dce3fb37&bb=YxVDLaXQhwjhBFfYgB_t5XhNhX-vaL9V4gb3EMtUOnn255mFHYNsV7uGdn-8jdze&xkcb=SoBy67M3GjBMZ0gxXz0LbzkdCdPP&fccid=f0ed4138e91ebe2c&cmp=Mapcom-info-Solution-Limited&ti=Data+Scientist&vjs=3,Trainer - Data Science & Artificial Intelligence,Mapcom info Solution Limited,"Delhi, Delhi","₹20,000 - ₹30,000 a month",EmployerActive 23 days ago
44,https://in.indeed.com/rc/clk?jk=80febc24af65846e&bb=YxVDLaXQhwjsJB-13fUVyc2RDqUQ9BXtdFkxenYiVMZxBSBQgFrsred7H48fNgxO&xkcb=SoBb67M3GjBMZ0gxXz0JbzkdCdPP&fccid=23545558e1049d87&vjs=3,Data Science Engineer,Consilium Software,"New Delhi, Delhi",NA,PostedPosted 30+ days ago
45,https://in.indeed.com/rc/clk?jk=c33fe81565e1280a&bb=R90RtBVj4QiVEuhnyT1-eY07-DkFCSQN-CbptUmJwVsmt-eU-vm5jtkImQ6p78s1&xkcb=SoBT67M3GjBJ2iAH-70LbzkdCdPP&fccid=f2891f3561dc949c&cmp=Acadally&ti=Senior+Engineer&vjs=3,Senior Artificial intelligence (AI) Engineer,AcadAlly,"Delhi, Delhi","₹10,00,000 - ₹16,00,000 a year",EmployerActive 11 days ago
46,https://in.indeed.com/rc/clk?jk=68043d8ecca9347f&bb=R90RtBVj4QgVa6A6GIhTtv5Zv-31ISEIziaEGmdT2YjvwQ-troien1q8TG_pzoWk&xkcb=SoCi67M3GjBJ2igH-70KbzkdCdPP&fccid=87bb0bbd8857f57d&vjs=3,Solution Architect - Deep Learning,CCS Computers,Delhi,NA,PostedPosted 30+ days ago
47,https://in.indeed.com/rc/clk?jk=0d7a31b9cbfd9349&bb=kobfbIyt_PHPORtiArC4YQF6iKqkVQUO1OXGtXWL7pwD9VjDjKMQ5INLrf0HoaiN&xkcb=SoCL67M3GjBJ2tAH-70KbzkdCdPP&fccid=7356e762fd5eff0b&vjs=3,Data Scientist,Purview Services,Delhi,NA,PostedPosted 30+ days ago
48,https://in.indeed.com/rc/clk?jk=6e92094e796f030c&bb=kobfbIyt_PGekI0l-zZJa83dx7kboGyyVtN4RRwg0vykfYANdyx92UR4ncuu7TDH&xkcb=SoCi67M3GjBJ2tAH-70IbzkdCdPP&fccid=0a66f90fab2ee166&vjs=3,Research Intern - Climate Resilience,"Council on Energy, Environment and Water","New Delhi, Delhi",NA,PostedPosted 30+ days ago
49,https://in.indeed.com/rc/clk?jk=36b754a0f6c6d577&bb=kobfbIyt_PG790oJGrBQRDWgjuGd3jr-GQr_ylMO-SkyLtwHX400EZQhlwcdK2sL&xkcb=SoCY67M3GjBJ2tAH-70ObzkdCdPP&fccid=e4615befce7944b8&vjs=3,Data Science & Analytic,CODEC Networks,"Delhi, Delhi",NA,PostedPosted 30+ days ago
50,https://in.indeed.com/rc/clk?jk=bdefdf181664b424&bb=DSQ_ubbk29BUzJqhaZnjIVaSXzuURtC5Z0zuF_5fj1-dECb2akOWsVIgu_MHs7y0&xkcb=SoDO67M3GjBJ2tgH-70KbzkdCdPP&fccid=49b7b2ce845ef5d7&vjs=3,Data Analyst,Growth Hub Consultants,"New Delhi, Delhi",NA,PostedPosted 6 days ago
51,https://in.indeed.com/rc/clk?jk=28deeda8b1f60510&bb=DSQ_ubbk29Bzc4_mht3McP0h9SvIeD7YcBmO22KBpnlzzoPK_yCVd9Ohq61e-0eY&xkcb=SoBA67M3GjBJ2tgH-70NbzkdCdPP&fccid=8d8b6936644ec093&vjs=3,MACHINE LEARNING SCIENTIST (HEALTHCARE),KnowDis,"New Delhi, Delhi",NA,PostedPosted 30+ days ago
52,https://in.indeed.com/rc/clk?jk=1dd670620f075f2d&bb=DSQ_ubbk29D3paK9_FYa3bLrB0DL0F1AE7fYXwRZItOxi4ppSit11NGr3tcWIfL2&xkcb=SoAd67M3GjBJ2tgH-70DbzkdCdPP&fccid=19172efe49cee0b2&vjs=3,NLP,Women Entrepreneur Network,Delhi,"₹15,00,000 - ₹16,00,000 a year",PostedPosted 30+ days ago
53,https://in.indeed.com/rc/clk?jk=dfc36d00d7281a68&bb=DSQ_ubbk29CSNKqu_5ihUX2oIknTsLSQWgmQ6qDwrgY_EnF7Ne1XuUUFWgvT9VEC&xkcb=SoA067M3GjBJ2tgH-70BbzkdCdPP&fccid=fd66a1619bfc9ad4&vjs=3,Data Science AI ML NLP Consultant,ChampionsIT,"Delhi, Delhi",NA,PostedPosted 30+ days ago
54,https://in.indeed.com/rc/clk?jk=46c05f5e4257bce1&bb=e1PeXp0M_BDmd_Vr0T_zxvWAl3_Sq2uzFLKtRRsVJp1UxuyeUz4ON9pEOG6QE56s&xkcb=SoBA67M3GjBJ2sAH-70KbzkdCdPP&fccid=bb06134d61a9b592&vjs=3,Data Scientist,Ank Aha,"New Delhi, Delhi",NA,PostedPosted 30+ days ago
55,https://in.indeed.com/rc/clk?jk=3a6bfdd558c2b182&bb=e1PeXp0M_BBo29um0YqBz0J1kB9hjPpI2Nchh4EUUjhto3--WVY-Vom1MddF-SYg&xkcb=SoBp67M3GjBJ2sAH-70IbzkdCdPP&fccid=d717c8b258b01ce6&vjs=3,Data Science Full Time Trainer,SkillCircle,"New Delhi, Delhi",NA,PostedPosted 30+ days ago
56,https://in.indeed.com/rc/clk?jk=7855e85ec28b9a17&bb=e1PeXp0M_BDaood02K6FQE17zhyIgYvl8wt2W9INJEQ-PM08MYECkmUFXtxBlT2p&xkcb=SoBT67M3GjBJ2sAH-70ObzkdCdPP&fccid=284b4a920ca3c3dd&vjs=3,Data Analytics (3),CIMMYT,"New Delhi, Delhi",NA,EmployerActive 26 days ago
57,https://in.indeed.com/rc/clk?jk=8486a2816ea4e29a&bb=vIBmMOQLRFQFiRZOHvKgQTR3GW6A8DU5AzbyxhlYC4JhzxW104uDY2kc1C3vxk3a&xkcb=SoAF67M3GjBJ2sgH-70KbzkdCdPP&fccid=5ef4d3df18d56a80&vjs=3,Data Scientist,itForte,"New Delhi, Delhi",NA,PostedPosted 30+ days ago
58,https://in.indeed.com/rc/clk?jk=1312cf23d6d9b860&bb=vIBmMOQLRFTjBYbEqLHdMVojTGaVzGjQGNVBGPBF-6HMv0MiFZqWAUF6jSLAKCx0&xkcb=SoCL67M3GjBJ2sgH-70NbzkdCdPP&fccid=bdad58a8df3ba8a4&vjs=3,Data Scientist,Crypto Mize,Delhi,NA,PostedPosted 30+ days ago
59,https://in.indeed.com/rc/clk?jk=dfed90c260eadcef&bb=vIBmMOQLRFQ0Ew1JqSX2qUAqbQaSn4ob-aq6rBtQ0iojj6smAhcSEdF58ml94i8q&xkcb=SoDW67M3GjBJ2sgH-70DbzkdCdPP&fccid=86f12495c4a932b5&cmp=Itrio-Technologies&ti=Senior+Data+Scientist&vjs=3,Opportunity for Senior Data Scientist (NLP)- Delhi Location,Itrio Technologies,"Delhi, Delhi","₹14,10,147.50 - ₹30,00,000.00 a year",EmployerActive 22 days ago
60,https://in.indeed.com/rc/clk?jk=efb05834d48a2135&bb=5p6OP0x9NmQmivlW_uddKfxPUgj3aVJRrb65Uo-6IJfkyZN9VRVTuDQM5AK5rNcz&xkcb=SoDr67M3GjBH7DgH_z0KbzkdCdPP&fccid=b95f9eb47968fa13&vjs=3,Global People Analytics Senior Analyst,Boston Consulting Group,"New Delhi, Delhi",NA,PostedPosted 30+ days ago
61,https://in.indeed.com/rc/clk?jk=1e3d67b9e914f885&bb=45WsT-HUe5jBl4RvsuRlCAODZA4Sns5BWV9AYr4HcNAHxrVYPeMxRx8rUFBelunP&xkcb=SoBl67M3GjBH7CAH_z0KbzkdCdPP&fccid=fd66a1619bfc9ad4&vjs=3,Data Science AI ML NLP Engineers,ChampionsIT,"Delhi, Delhi",NA,PostedPosted 30+ days ago
62,https://in.indeed.com/rc/clk?jk=9e84e2d2d89afdd5&bb=45WsT-HUe5g8RanOPaCUagGYzatQQCVh4mBcYk1JIh_Bq_1yOusETEkEwseoYxJH&xkcb=SoBM67M3GjBH7CAH_z0IbzkdCdPP&fccid=bebf9775d7d3bca8&vjs=3,Product Engineer II - Geospatial Data Science,"ESRI, Inc.","New Delhi, Delhi",NA,PostedPosted 30+ days ago
63,https://in.indeed.com/rc/clk?jk=847f29922c4db6f3&bb=aExrqWOeO13NFPBdEU4CGTEZJ5PWVs4dHWr8IeCvPHOdLE71J5V_TxVxNiZnrm6i&xkcb=SoCU67M3GjBH7CgH_z0LbzkdCdPP&fccid=bdad58a8df3ba8a4&vjs=3,Artificial Intelligence Developer,Crypto Mize,Delhi,NA,PostedPosted 30+ days ago
64,https://in.indeed.com/rc/clk?jk=8951ab965014705e&bb=mkRA_Ui07JJrS1sua08_xWvogdH20107wbfSyvoRzx8ugHEsN9SQTsx_LtWJt345&xkcb=SoC967M3GjBH7NAH_z0LbzkdCdPP&fccid=b95f9eb47968fa13&vjs=3,"Analyst, Geo Analytics - X Delivery",Boston Consulting Group,"New Delhi, Delhi",NA,PostedPosted 13 days ago
65,https://in.indeed.com/rc/clk?jk=74d52eb4db2991e0&bb=yInXRlQqA-WChGxNcmM6UlLDZBlMBEjfP11sljRDDbwACJ-79LyiMKJ312rplf-1&xkcb=SoBM67M3GjBH7NgH_z0KbzkdCdPP&fccid=e08122e0e993cc32&vjs=3,"Regional Data Scientist APAC - MD,FT COE",Bayer,"Delhi, Delhi",NA,PostedPosted 30+ days ago
66,https://in.indeed.com/rc/clk?jk=a7db8bcad7f93314&bb=5ukrVbTANMI9CxXCyYSUpj-OpSwtvhuYJKHml1Ui8hBpIKhNn0SaOEU8qVo_DyvQ&xkcb=SoDr67M3GjBH7MAH_z0IbzkdCdPP&fccid=efc5484163aaedc0&vjs=3,"DATA ENGINEERING LEAD, DATA AND ANALYTICS",M&C Saatchi Performance,Delhi,NA,PostedPosted 13 days ago
67,https://in.indeed.com/rc/clk?jk=4ba79fb970467203&bb=tMEWjxoRQYFezmMKuh2XrBi9AUYV8JM8IB_AID8-wzRlsU_-h6_jMSdEQhJ2IS5y&xkcb=SoCH67M3GjBH7MgH_z0KbzkdCdPP&fccid=b2e581637aaaff05&vjs=3,Advisory Board Members-AI,Benovymed Healthcare,"Delhi, Delhi",NA,PostedPosted 30+ days ago
68,https://in.indeed.com/rc/clk?jk=7d4344bf0f90a098&bb=tMEWjxoRQYE4KG9ILUDctI2C7MeLeYikykz5C8y7iBJksS9YnsO3OuSKpCUo4GKa&xkcb=SoCu67M3GjBH7MgH_z0IbzkdCdPP&fccid=8d8b6936644ec093&vjs=3,LEAD DATA SCIENTIST,KnowDis,"New Delhi, Delhi",NA,PostedPosted 30+ days ago
69,https://in.indeed.com/rc/clk?jk=3bb8f04375d45843&bb=qYSFcJdnEIW7FhXTsN0BuRgMV22Ab6IIYSA_i9Fi1thYLhnC_4YwZxcCZdZo3bKH&xkcb=SoDe67M3GjBH7PAH_z0KbzkdCdPP&fccid=04495dbd17b2f636&vjs=3,Machine Learning/AI Engineer,Imagine.io,"Remote in New Delhi, Delhi",NA,EmployerActive 24 days ago
70,https://in.indeed.com/rc/clk?jk=b114f556ab4477c5&bb=qYSFcJdnEIXsy_fvHyZzx6ayQidjcgWygpzlCEB8VKwFukVTHHiha2Z65roEGicw&xkcb=SoD367M3GjBH7PAH_z0IbzkdCdPP&fccid=bdad58a8df3ba8a4&vjs=3,Artificial Intelligence Manager,Crypto Mize,Delhi,NA,PostedPosted 30+ days ago
71,https://in.indeed.com/rc/clk?jk=de876a60eec2bf4d&bb=qYSFcJdnEIUxdhUf8nchoQzFbMiKWRsHR-iYHpxfgsFiPREyOV6KaRnW5PAHsSEt&xkcb=SoDN67M3GjBH7PAH_z0ObzkdCdPP&fccid=018a2869561b31f0&vjs=3,Big Data Developer,Sujata Computers,"New Delhi, Delhi",NA,PostedPosted 30+ days ago
72,https://in.indeed.com/rc/clk?jk=341e5943d6de72ce&bb=qYSFcJdnEIVMRK2bQAOdcYWzt_t3BPeg9YLZBfI97rdMWIu-zS3Pp6-Ov4gMBJM1&xkcb=SoDk67M3GjBH7PAH_z0MbzkdCdPP&fccid=fd66a1619bfc9ad4&vjs=3,Data Science AI ML NLP Trainers,ChampionsIT,"Delhi, Delhi",NA,PostedPosted 30+ days ago
73,https://in.indeed.com/rc/clk?jk=75f6e7d645c8fc15&bb=HHM_dyhUbOfSD9YSobV-qV3TLLtudLFoZNi0xM91UdZur7wUOE3G4n-aE05u1GDJ&xkcb=SoCb67M3GjBH7PgH_z0KbzkdCdPP&fccid=3c72e2b18aa820de&vjs=3,Deep Learning Specialist,Superior Group,Delhi,NA,PostedPosted 30+ days ago
74,https://in.indeed.com/rc/clk?jk=c61a0377702e591e&bb=HHM_dyhUbOcPZ9-Q0qEPfH4aPJMqMK-HVr2XLK9kaa2yZvkXIrHIRO9vhDlQeeDb&xkcb=SoCy67M3GjBH7PgH_z0IbzkdCdPP&fccid=7356e762fd5eff0b&vjs=3,DS-DATA-SCIENCE,Purview Services,Delhi,NA,PostedPosted 30+ days ago
75,https://in.indeed.com/rc/clk?jk=b1203a2504fbd420&bb=e5iOwz6ODqWyyT3iLnnQBy5NHynvlts4qKn3ssUKCb1oS-y7AppJDqaILp4oKcZU&xkcb=SoAS67M3GjBFlVx9Fp0KbzkdCdPP&fccid=b95f9eb47968fa13&vjs=3,BCG X Lead Data Scientist,Boston Consulting Group,"New Delhi, Delhi",NA,PostedPosted 25 days ago
76,https://in.indeed.com/rc/clk?jk=6b793da186bffdbd&bb=wnkyTVouQr5miEPx0J3WZcFDVCLOH4OgqXv0JACNaGGaqGj-v6I4VTPUZoAAIgHm&xkcb=SoAo67M3GjBFlUR9Fp0LbzkdCdPP&fccid=ca3a8a81b95ad0d7&vjs=3,Principal Machine Learning Engineer (Remote),DropYacht,Remote in Delhi,NA,PostedPosted 30+ days ago
77,https://in.indeed.com/rc/clk?jk=8ea88d880d6f7001&bb=wnkyTVouQr62nC1k_uMW2qM8nTb3F81eGKyDTtfMtH7QXmQgq3HDltVnOHFkY-WM&xkcb=SoC167M3GjBFlUR9Fp0IbzkdCdPP&fccid=b95f9eb47968fa13&vjs=3,Lead Data Scientist (GenAI),Boston Consulting Group,"New Delhi, Delhi",NA,PostedPosted 25 days ago
78,https://in.indeed.com/rc/clk?jk=07b5c28f9ac7751b&bb=wnkyTVouQr5OeG4-ijgtNO1N3d0zUQBpnMPmSG-kMLu5S9-kW72N6tuv14JSRUmU&xkcb=SoAS67M3GjBFlUR9Fp0NbzkdCdPP&fccid=b95f9eb47968fa13&vjs=3,Data Scientist – BCG X,Boston Consulting Group,"New Delhi, Delhi",NA,PostedPosted 30+ days ago
79,https://in.indeed.com/rc/clk?jk=86d1bd14ac165229&bb=wnkyTVouQr78IeyVZ_uYc8lSXeDaiCF3zHy0SSL7ZPb3NVu9rjrbSgnqzZ7epBNa&xkcb=SoBm67M3GjBFlUR9Fp0BbzkdCdPP&fccid=a5cbd2514edf7804&vjs=3,Senior Data Scientist,Chegg,"Jasola, Delhi, Delhi",NA,PostedPosted 11 days ago
80,https://in.indeed.com/rc/clk?jk=d8344627450631e1&bb=E1Oy8Wa5j9nriDo75ZxmpLJh9KCH0z40wZE7LKmVERLw4BVS-hHDQHP67675sYYw&xkcb=SoDZ67M3GjBFlUx9Fp0KbzkdCdPP&fccid=b95f9eb47968fa13&vjs=3,Global Talent Acquisition Analytics Director,Boston Consulting Group,"New Delhi, Delhi",NA,PostedPosted 30+ days ago
81,https://in.indeed.com/rc/clk?jk=7452c7f72be2f2e9&bb=E1Oy8Wa5j9kUQ53OKfiPwh3nOmsLVI23X9CwAa1h7EHT5Ce1oQeZfI0qFuEO5aUD&xkcb=SoB-67M3GjBFlUx9Fp0PbzkdCdPP&fccid=a5cbd2514edf7804&vjs=3,Manager - Machine Learning,Chegg,"Jasola, Delhi, Delhi",NA,PostedPosted 30+ days ago
82,https://in.indeed.com/rc/clk?jk=4b61aa84e1c1f477&bb=E1Oy8Wa5j9kurvuycnSJh_PFUcHyuLgpSnJImAcEwMvC0YyMbkB2Igw6CnBr98Dg&xkcb=SoBX67M3GjBFlUx9Fp0NbzkdCdPP&fccid=56b0b0db80bb2847&vjs=3,"SDE II - Machine Learning, JioCinema",Viacom18,Delhi,NA,PostedPosted 30+ days ago
